<?xml version="1.0" encoding="UTF-8"?>
<project-private xmlns="http://www.netbeans.org/ns/project-private/1">
    <editor-bookmarks xmlns="http://www.netbeans.org/ns/editor-bookmarks/2" lastBookmarkId="0"/>
    <open-files xmlns="http://www.netbeans.org/ns/projectui-open-files/2">
        <group>
            <file>file:/C:/Users/Lami/Documents/NetBeansProjects/AtmProject/src/atmproject/Statement.java</file>
            <file>file:/C:/Users/Lami/Documents/NetBeansProjects/AtmProject/src/atmproject/ChangePin.java</file>
            <file>file:/C:/Users/Lami/Documents/NetBeansProjects/AtmProject/src/atmproject/Transactions.java</file>
            <file>file:/C:/Users/Lami/Documents/NetBeansProjects/AtmProject/src/atmproject/Balance.java</file>
            <file>file:/C:/Users/Lami/Documents/NetBeansProjects/AtmProject/src/atmproject/Withdrwal.java</file>
            <file>file:/C:/Users/Lami/Documents/NetBeansProjects/AtmProject/src/atmproject/Deposit.java</file>
            <file>file:/C:/Users/Lami/Documents/NetBeansProjects/AtmProject/src/atmproject/InstaCash.java</file>
            <file>file:/C:/Users/Lami/Documents/NetBeansProjects/AtmProject/src/atmproject/Register.java</file>
        </group>
    </open-files>
</project-private>
